split,tn,fp,fn,tp,accuracy,precision,recall,f1,mcc
9,99,102,92,78,0.477088948787062,0.43333333333333335,0.4588235294117647,0.44571428571428573,-0.048490380708955214
