split,tn,fp,fn,tp,accuracy,precision,recall,f1,mcc
8,119,83,92,77,0.5283018867924528,0.48125,0.4556213017751479,0.46808510638297873,0.04497993060277361
