split,tn,fp,fn,tp,accuracy,precision,recall,f1,mcc
0,132,99,79,62,0.521505376344086,0.38509316770186336,0.4397163120567376,0.41059602649006627,0.010912818021085076
