split,tn,fp,fn,tp,accuracy,precision,recall,f1,mcc
6,97,102,94,79,0.4731182795698925,0.43646408839779005,0.45664739884393063,0.4463276836158192,-0.055798840323406915
