split,tn,fp,fn,tp,accuracy,precision,recall,f1,mcc
9,194,195,191,180,0.4921052631578947,0.48,0.48517520215633425,0.48257372654155495,-0.016107020192601743
