split,tn,fp,fn,tp,accuracy,precision,recall,f1,mcc
5,102,108,89,73,0.47043010752688175,0.40331491712707185,0.4506172839506173,0.4256559766763849,-0.06315901183949614
