split,tn,fp,fn,tp,accuracy,precision,recall,f1,mcc
8,99,103,92,77,0.4743935309973046,0.42777777777777776,0.4556213017751479,0.44126074498567336,-0.05408831424400181
