split,tn,fp,fn,tp,accuracy,precision,recall,f1,mcc
6,107,92,87,86,0.5188172043010753,0.48314606741573035,0.49710982658959535,0.4900284900284901,0.03474532370685827
