split,tn,fp,fn,tp,accuracy,precision,recall,f1,mcc
7,118,105,55,93,0.568733153638814,0.4696969696969697,0.6283783783783784,0.5375722543352601,0.15462541616523184
