split,tn,fp,fn,tp,accuracy,precision,recall,f1,mcc
7,128,95,82,66,0.522911051212938,0.40993788819875776,0.44594594594594594,0.42718446601941745,0.019697904112277353
