split,tn,fp,fn,tp,accuracy,precision,recall,f1,mcc
9,188,201,182,189,0.49605263157894736,0.4846153846153846,0.5094339622641509,0.4967148488830486,-0.007276028274473855
