split,tn,fp,fn,tp,accuracy,precision,recall,f1,mcc
2,101,106,90,75,0.4731182795698925,0.4143646408839779,0.45454545454545453,0.43352601156069365,-0.05718464624399724
