split,tn,fp,fn,tp,accuracy,precision,recall,f1,mcc
4,196,7,165,4,0.5376344086021505,0.36363636363636365,0.023668639053254437,0.04444444444444444,-0.03178575962776718
