split,tn,fp,fn,tp,accuracy,precision,recall,f1,mcc
2,122,85,90,75,0.5295698924731183,0.46875,0.45454545454545453,0.4615384615384615,0.044069304082139056
