split,tn,fp,fn,tp,accuracy,precision,recall,f1,mcc
7,356,33,347,24,0.5,0.42105263157894735,0.0646900269541779,0.11214953271028037,-0.03822682126549726
