split,tn,fp,fn,tp,accuracy,precision,recall,f1,mcc
9,118,83,93,77,0.5256064690026954,0.48125,0.45294117647058824,0.4666666666666667,0.04024804651091567
