split,tn,fp,fn,tp,accuracy,precision,recall,f1,mcc
5,207,3,159,3,0.5645161290322581,0.5,0.018518518518518517,0.03571428571428571,0.016660160062215434
