split,tn,fp,fn,tp,accuracy,precision,recall,f1,mcc
8,99,103,79,90,0.5094339622641509,0.46632124352331605,0.5325443786982249,0.4972375690607735,0.02257209145520374
