split,tn,fp,fn,tp,accuracy,precision,recall,f1,mcc
5,124,86,88,74,0.532258064516129,0.4625,0.4567901234567901,0.4596273291925466,0.047335935879588203
