split,tn,fp,fn,tp,accuracy,precision,recall,f1,mcc
9,200,1,167,3,0.5471698113207547,0.75,0.01764705882352941,0.034482758620689655,0.06113675437020612
