split,tn,fp,fn,tp,accuracy,precision,recall,f1,mcc
8,325,64,315,56,0.5013157894736842,0.4666666666666667,0.1509433962264151,0.22810590631364563,-0.01861717177493876
