split,tn,fp,fn,tp,accuracy,precision,recall,f1,mcc
7,223,166,195,176,0.525,0.5146198830409356,0.4743935309973046,0.4936886395511921,0.04788497026793234
