split,tn,fp,fn,tp,accuracy,precision,recall,f1,mcc
6,118,81,95,78,0.5268817204301075,0.49056603773584906,0.4508670520231214,0.46987951807228917,0.044192776325346836
