split,tn,fp,fn,tp,accuracy,precision,recall,f1,mcc
0,214,175,210,162,0.4940867279894875,0.4807121661721068,0.43548387096774194,0.45698166431593795,-0.014478933579474584
