split,tn,fp,fn,tp,accuracy,precision,recall,f1,mcc
5,198,190,190,182,0.5,0.489247311827957,0.489247311827957,0.489247311827957,-0.00044340982152754686
