split,tn,fp,fn,tp,accuracy,precision,recall,f1,mcc
9,316,73,307,64,0.5,0.46715328467153283,0.1725067385444744,0.25196850393700787,-0.019705285007125865
