split,tn,fp,fn,tp,accuracy,precision,recall,f1,mcc
9,81,120,66,104,0.49865229110512127,0.4642857142857143,0.611764705882353,0.5279187817258884,0.015025376753002657
