split,tn,fp,fn,tp,accuracy,precision,recall,f1,mcc
3,223,165,190,182,0.5328947368421053,0.5244956772334294,0.489247311827957,0.506258692628651,0.06421800775908082
