split,tn,fp,fn,tp,accuracy,precision,recall,f1,mcc
7,223,0,144,4,0.6118598382749326,1.0,0.02702702702702703,0.052631578947368425,0.12814997841348275
