split,tn,fp,fn,tp,accuracy,precision,recall,f1,mcc
0,199,190,187,185,0.5045992115637319,0.49333333333333335,0.49731182795698925,0.4953145917001338,0.008878662973743841
