split,tn,fp,fn,tp,accuracy,precision,recall,f1,mcc
6,210,178,206,166,0.49473684210526314,0.48255813953488375,0.44623655913978494,0.46368715083798884,-0.012580132252932188
