split,tn,fp,fn,tp,accuracy,precision,recall,f1,mcc
1,349,40,325,47,0.5203679369250985,0.5402298850574713,0.12634408602150538,0.2047930283224401,0.036942484852032026
