split,tn,fp,fn,tp,accuracy,precision,recall,f1,mcc
4,202,186,190,182,0.5052631578947369,0.4945652173913043,0.489247311827957,0.49189189189189186,0.009868603805463158
