split,tn,fp,fn,tp,accuracy,precision,recall,f1,mcc
2,98,109,73,92,0.510752688172043,0.4577114427860697,0.5575757575757576,0.5027322404371585,0.030908130081177345
