split,tn,fp,fn,tp,accuracy,precision,recall,f1,mcc
1,104,108,87,73,0.47580645161290325,0.40331491712707185,0.45625,0.4281524926686217,-0.052680833831985775
