split,tn,fp,fn,tp,accuracy,precision,recall,f1,mcc
0,113,118,57,84,0.5295698924731183,0.4158415841584158,0.5957446808510638,0.489795918367347,0.08270589849851485
