split,tn,fp,fn,tp,accuracy,precision,recall,f1,mcc
3,365,23,345,27,0.5157894736842106,0.54,0.07258064516129033,0.12796208530805686,0.026822528748243136
