split,tn,fp,fn,tp,accuracy,precision,recall,f1,mcc
5,198,190,187,185,0.5039473684210526,0.49333333333333335,0.49731182795698925,0.4953145917001338,0.00762007689375262
