split,tn,fp,fn,tp,accuracy,precision,recall,f1,mcc
2,196,193,199,173,0.48488830486202367,0.4726775956284153,0.4650537634408602,0.46883468834688347,-0.031105030537637576
