split,tn,fp,fn,tp,accuracy,precision,recall,f1,mcc
8,198,4,166,3,0.5417789757412399,0.42857142857142855,0.01775147928994083,0.034090909090909095,-0.007505494156259274
