split,tn,fp,fn,tp,accuracy,precision,recall,f1,mcc
0,115,116,76,65,0.4838709677419355,0.35911602209944754,0.46099290780141844,0.4037267080745342,-0.03996292431495208
