split,tn,fp,fn,tp,accuracy,precision,recall,f1,mcc
1,103,109,70,90,0.5188172043010753,0.45226130653266333,0.5625,0.5013927576601672,0.04799172236158963
