split,tn,fp,fn,tp,accuracy,precision,recall,f1,mcc
1,211,1,158,2,0.5725806451612904,0.6666666666666666,0.0125,0.0245398773006135,0.04308262875860349
