split,tn,fp,fn,tp,accuracy,precision,recall,f1,mcc
2,309,80,314,58,0.48226018396846254,0.42028985507246375,0.15591397849462366,0.22745098039215686,-0.06453302231752979
