split,tn,fp,fn,tp,accuracy,precision,recall,f1,mcc
8,199,190,186,185,0.5052631578947369,0.49333333333333335,0.49865229110512127,0.4959785522788204,0.010218432165198955
