split,tn,fp,fn,tp,accuracy,precision,recall,f1,mcc
0,226,5,137,4,0.6182795698924731,0.4444444444444444,0.028368794326241134,0.05333333333333334,0.021230195886567386
