split,tn,fp,fn,tp,accuracy,precision,recall,f1,mcc
2,204,3,161,4,0.5591397849462365,0.5714285714285714,0.024242424242424242,0.046511627906976744,0.03564688921692401
