split,tn,fp,fn,tp,accuracy,precision,recall,f1,mcc
4,331,57,319,53,0.5052631578947369,0.4818181818181818,0.1424731182795699,0.2199170124481328,-0.006299986522103797
