split,tn,fp,fn,tp,accuracy,precision,recall,f1,mcc
3,88,124,63,97,0.49731182795698925,0.43891402714932126,0.60625,0.5091863517060368,0.021519195639504652
