split,tn,fp,fn,tp,accuracy,precision,recall,f1,mcc
4,99,104,92,77,0.4731182795698925,0.425414364640884,0.4556213017751479,0.44,-0.05647708374241029
