split,tn,fp,fn,tp,accuracy,precision,recall,f1,mcc
5,96,114,72,90,0.5,0.4411764705882353,0.5555555555555556,0.49180327868852464,0.01265164122200136
