split,tn,fp,fn,tp,accuracy,precision,recall,f1,mcc
6,353,35,331,41,0.5184210526315789,0.5394736842105263,0.11021505376344086,0.18303571428571427,0.033340722677989244
