split,tn,fp,fn,tp,accuracy,precision,recall,f1,mcc
4,194,194,191,181,0.4934210526315789,0.4826666666666667,0.48655913978494625,0.48460508701472554,-0.013439044703527346
