split,tn,fp,fn,tp,accuracy,precision,recall,f1,mcc
1,125,87,87,73,0.532258064516129,0.45625,0.45625,0.45625,0.04587264150943396
