split,tn,fp,fn,tp,accuracy,precision,recall,f1,mcc
1,221,168,209,163,0.5045992115637319,0.49244712990936557,0.4381720430107527,0.46372688477951635,0.006347809452403422
