split,tn,fp,fn,tp,accuracy,precision,recall,f1,mcc
4,97,106,71,98,0.5241935483870968,0.4803921568627451,0.5798816568047337,0.5254691689008043,0.05774363166167557
