split,tn,fp,fn,tp,accuracy,precision,recall,f1,mcc
3,208,4,155,5,0.5725806451612904,0.5555555555555556,0.03125,0.05917159763313609,0.03989760270487084
