split,tn,fp,fn,tp,accuracy,precision,recall,f1,mcc
8,202,187,204,167,0.4855263157894737,0.4717514124293785,0.4501347708894879,0.4606896551724138,-0.03064826721861824
