split,tn,fp,fn,tp,accuracy,precision,recall,f1,mcc
0,340,49,322,50,0.5124835742444153,0.5050505050505051,0.13440860215053763,0.21231422505307854,0.012548110754201786
