split,tn,fp,fn,tp,accuracy,precision,recall,f1,mcc
4,120,83,92,77,0.5295698924731183,0.48125,0.4556213017751479,0.46808510638297873,0.04702026483437525
