split,tn,fp,fn,tp,accuracy,precision,recall,f1,mcc
5,324,64,306,66,0.5131578947368421,0.5076923076923077,0.1774193548387097,0.26294820717131473,0.016555535066220022
