split,tn,fp,fn,tp,accuracy,precision,recall,f1,mcc
1,194,195,191,181,0.492772667542707,0.48138297872340424,0.48655913978494625,0.4839572192513369,-0.014723562082055414
