split,tn,fp,fn,tp,accuracy,precision,recall,f1,mcc
7,111,112,80,68,0.48247978436657685,0.37777777777777777,0.4594594594594595,0.41463414634146345,-0.04191779904574979
